1⟶Thetta⟶thetta⟶PRON⟶Case=Nom|Gender=Neut|Number=Sing|PronType=Dem⟶4⟶nsubj⟶_
2⟶är⟶vara⟶AUX⟶Mood=Ind|Number=Sing|Person=3|Tense=Pres|VerbForm=Fin⟶4⟶cop⟶_
3⟶inte⟶inte⟶PART⟶Polarity=Neg⟶4⟶neg⟶_
4⟶begynnilsen⟶begynnelse⟶NOUN⟶Case=Nom|Definite=Def|Gender=Com|Number=Sing⟶0⟶root⟶_
5⟶aff⟶af⟶ADP⟶_⟶10⟶case⟶_
6⟶Jesu⟶jesu⟶PROPN⟶Case=Gen|Number=Sing⟶7⟶flat⟶_
7⟶Christi⟶christi⟶PROPN⟶Case=Gen|Number=Sing⟶10⟶nmod:poss⟶_
8⟶gudz⟶gud⟶NOUN⟶Case=Gen|Gender=Com|Number=Sing⟶9⟶nmod:poss⟶_
9⟶sons⟶son⟶NOUN⟶Case=Gen|Gender=Com|Number=Sing⟶7⟶appos⟶_
10⟶euangelio⟶euangelium⟶NOUN⟶Case=Nom|Gender=Neut|Number=Sing⟶4⟶nmod⟶_
11⟶.⟶.⟶PUNCT⟶_⟶4⟶punct⟶_